GOterm,over_represented_pvalue,under_represented_pvalue,numDEInCat,numInCat,term,ontology,bh_adjust
GO:0019614,2.2936959799402816e-6,0.9999999895456034,3,10,catechol-containing compound catabolic process,BP,0.015458746339470851
GO:0042420,2.2936959799402816e-6,0.9999999895456034,3,10,dopamine catabolic process,BP,0.015458746339470851
GO:0042424,2.2936959799402816e-6,0.9999999895456034,3,10,catecholamine catabolic process,BP,0.015458746339470851
