GOterm,over_represented_pvalue,under_represented_pvalue,numDEInCat,numInCat,term,ontology,bh_adjust
GO:0019614,4.68027945188359e-6,0.9999999730079162,3,10,catechol-containing compound catabolic process,BP,0.03154352341254477
GO:0042420,4.68027945188359e-6,0.9999999730079162,3,10,dopamine catabolic process,BP,0.03154352341254477
GO:0042424,4.68027945188359e-6,0.9999999730079162,3,10,catecholamine catabolic process,BP,0.03154352341254477
