GOterm,over_represented_pvalue,under_represented_pvalue,numDEInCat,numInCat,term,ontology,bh_adjust
GO:0006082,1.472501655515075e-7,0.999999957846076,32,824,organic acid metabolic process,BP,0.0029782818484447907
GO:0043436,3.3826460036484755e-7,0.9999999009707358,31,810,oxoacid metabolic process,BP,0.003420869903489703
