group,flow.L.min_mean,flow.L.min_sd,par_mean,par_sd,pH.nbs_mean,pH.nbs_sd,pH.total_mean,pH.total_sd,sal.psu_mean,sal.psu_sd,temp.C_mean,temp.C_sd
Bucket,0,0,0,0,7.9725,0.027124053637210793,7.809354281308459,0.02785139962800213,33,0,26.75,0.5220016420335417
Cladocopium,0.09455172413793103,0.08855490073028004,6.931034482758621,6.665106549800764,8.01206896551724,0.030045122060093285,7.8467126912672205,0.02926279657721877,33.206896551724135,0.4122508203948854,26.79344827586207,0.320527198111274
Durusdinium,0.08644444444444445,0.09962751138937992,7.185185185185186,7.271054505244312,8.011481481481482,0.027132680224819884,7.845672046718956,0.026064866394586897,33.22222222222222,0.4236592728681615,26.83962962962963,0.2829987969732718
Mixed,0.08492307692307693,0.11229905130087663,0.9230769230769229,1.3821202589704016,8.016923076923076,0.007510676161987947,7.848393022268957,0.005973349358198112,33,0,26.962307692307693,0.2774032517880132
Parent,4.725,0.474341649025257,421.5,179.4308462094201,8.11,0.06782329983125274,7.934895537276953,0.060843605315542955,33.5,0.5345224838248488,27.855,0.2559575857721069
Wildtype,0.20879999999999999,0.052030760132829125,2.6,1.140175425099138,8.017999999999999,0.01303840481040502,7.846619250906729,0.011859060527967587,33,0,27.266000000000002,0.2250111108367762
