symbiont,flow.L.min_mean,flow.L.min_sd,par_mean,par_sd,pH_mean,pH_sd,sal.psu_mean,sal.psu_sd,temp.C_mean,temp.C_sd
Cladocopium,0.271,0.04171330722922841,49.08333333333333,24.227926536177716,8.07021838614934,0.01052941250778573,38.2375,0.04594957710755977,27.589166666666667,0.12449595344525191
Durusdinium,0.28300000000000003,0.02959729717389748,37.833333333333336,12.320222351397671,8.068143336277059,0.013646284859888166,38.2175,0.02958039891549902,27.5825,0.12447161049083344
