group,flow.L.min_mean,flow.L.min_sd,par_mean,par_sd,pH.nbs_mean,pH.nbs_sd,pH.total_mean,pH.total_sd,sal.psu_mean,sal.psu_sd,temp.C_mean,temp.C_sd
Bucket,0,0,0,0,7.9725,0.027124053637210793,7.809354281308459,0.02785139962800213,33,0,26.75,0.5220016420335417
Cladocopium,0.126,0.09481838595857595,5.4102564102564115,6.377253775881693,8.014615384615384,0.026837341801671594,7.849479716901604,0.02593259594968713,33.15384615384615,0.365517768195196,26.777435897435897,0.31474900567309105
Durusdinium,0.08644444444444445,0.09962751138937992,7.185185185185186,7.271054505244312,8.011481481481482,0.027132680224819884,7.845672046718956,0.026064866394586897,33.22222222222222,0.4236592728681615,26.83962962962963,0.2829987969732718
Mixed,0.14608695652173914,0.11196668053223297,1.0869565217391302,1.928566200298244,8.020434782608696,0.01186218624245071,7.852391355867247,0.009955821805428514,33,0,26.875652173913043,0.30371676528928476
Parent,4.725,0.474341649025257,421.5,179.4308462094201,8.11,0.06782329983125274,7.934895537276953,0.060843605315542955,33.5,0.5345224838248488,27.855,0.2559575857721069
Wildtype,0.2152,0.03807361290973054,1.7333333333333334,2.051712409068047,8.024666666666667,0.011872336794093021,7.856379804499612,0.011051697882450655,33,0,26.918666666666667,0.39585110235806487
