group,flow.L.min_mean,flow.L.min_sd,par_mean,par_sd,pH.nbs_mean,pH.nbs_sd,pH.total_mean,pH.total_sd,sal.psu_mean,sal.psu_sd,temp.C_mean,temp.C_sd
Cladocopium,0.1971111111111111,0.02961461870471476,1.8518518518518519,1.8124293875625297,8.01074074074074,0.01795848330196926,7.842731470541983,0.02072709057914615,33,0,26.85925925925926,0.29026414927316824
Mixed,0.2041578947368421,0.03723521024426431,1.2105263157894737,1.757730335324846,8.012894736842105,0.016588484240229004,7.844576612768444,0.016538544183632098,33,0,26.895,0.29331055398856865
Wildtype,0.2152,0.03807361290973054,1.7333333333333334,2.051712409068047,8.024666666666667,0.011872336794093021,7.856379804499612,0.011051697882450655,33,0,26.918666666666667,0.39585110235806487
