group,flow.L.min_mean,flow.L.min_sd,par_mean,par_sd,pH.nbs_mean,pH.nbs_sd,pH.total_mean,pH.total_sd,sal.psu_mean,sal.psu_sd,temp.C_mean,temp.C_sd
Bucket,0,0,0,0,7.9725,0.027124053637210793,7.809354281308459,0.02785139962800213,33,0,26.75,0.5220016420335417
Cladocopium,0.07475000000000001,0.08444563468522989,7.583333333333332,7.168267431605387,8.01,0.032570992696222587,7.8461637234499335,0.03211642901136899,33.25,0.4423258684646914,26.705,0.27609072232967496
Durusdinium,0.07024999999999999,0.09107151991226695,7.708333333333333,7.556909689679441,8.010416666666666,0.028510740412002203,7.845374108367701,0.027488673676231354,33.25,0.4423258684646914,26.77875,0.2342112108852773
Mixed,0,0,0,0,8.015,0.007559289460184382,7.849766721617966,0.004742084111563144,33,0,26.765,0.10014275524755344
Parent,4.725,0.474341649025257,421.5,179.4308462094201,8.11,0.06782329983125274,7.934895537276953,0.060843605315542955,33.5,0.5345224838248488,27.855,0.2559575857721069
