Sample,Protein.ug.mL,uL.50ug.protein
L37,89.24215063780551,560.2733645777759
L43,166.1844012169982,300.8705969624166
L49,90.05856216246097,555.1942957939145
