Metabolite,VIP
Glucose-meto-5TMS(1),1.4573465730126705
Inositol-6TMS(3)-Scyllo,1.449804945146698
Norvaline-2TMS,1.430373177986144
Valine-2TMS,1.388129658984662
Glutaric acid-2TMS,1.3766821296248728
Proline-2TMS,1.3085946862615963
Leucine-2TMS,1.267709040131068
Isoleucine-2TMS,1.132305059513515
Inositol-6TMS(2)-myo,1.0440012794716724
