Metabolite,VIP
Glucose-meto-5TMS(1),1.4770814230959983
Inositol-6TMS(3)-Scyllo,1.3123016821995146
Octadecanol-TMS,1.2657492184771548
Stearic acid-TMS,1.2503831658973716
Palmitic acid-TMS,1.147425470951249
Pentadecanoic acid-TMS,1.138445464773054
Glycolic acid-2TMS,1.0502069528921358
Glutaric acid-2TMS,1.031555037254945
Leucine-2TMS,1.0237201816541988
