Metabolite,VIP
Glycolic acid-2TMS,1.416311619897015
Inositol-6TMS(3)-Scyllo,1.357676754847372
Glutaric acid-2TMS,1.3169439554233766
Inositol-6TMS(2)-myo,1.2525406002290111
Leucine-2TMS,1.1313008437788443
Pentadecanoic acid-TMS,1.0390179198780134
Isoleucine-2TMS,1.0068545526131214
