Metabolite,VIP
Norvaline-2TMS,1.9879672446269971
Valine-2TMS,1.8984078695211035
Leucine-2TMS,1.7614929991337296
Proline-2TMS,1.71058736310023
Isoleucine-2TMS,1.6680185645782681
Butyric acid-TMS,1.6381726781839818
Sarcosine-2TMS,1.5486078050470051
Glucose-meto-5TMS(1),1.2675575033226725
Threonine-3TMS,1.1992497674743163
Inositol-6TMS(3)-Scyllo,1.1283725188754186
